{
  "name": "core-transition",
  "private": true,
  "dependencies": {
    "polymer": "Polymer/polymer#^0.5",
    "core-meta": "Polymer/core-meta#^0.5"
  },
  "version": "0.5.5",
  "homepage": "https://github.com/Polymer/core-transition",
  "_release": "0.5.5",
  "_resolution": {
    "type": "version",
    "tag": "0.5.5",
    "commit": "91362d8d6c500fe2bb9312ba806ae3a9924dc430"
  },
  "_source": "git://github.com/Polymer/core-transition.git",
  "_target": "^0.5",
  "_originalSource": "Polymer/core-transition"
}