{
  "name": "paper-item",
  "private": true,
  "dependencies": {
    "polymer": "Polymer/polymer#^0.5",
    "core-icon": "Polymer/core-icon#^0.5",
    "core-icons": "Polymer/core-icons#^0.5",
    "core-selector": "Polymer/core-selector#^0.5",
    "font-roboto": "Polymer/font-roboto#^0.5",
    "paper-button": "Polymer/paper-button#^0.5",
    "paper-ripple": "Polymer/paper-ripple#^0.5",
    "paper-shadow": "Polymer/paper-shadow#^0.5"
  },
  "version": "0.5.5",
  "homepage": "https://github.com/Polymer/paper-item",
  "_release": "0.5.5",
  "_resolution": {
    "type": "version",
    "tag": "0.5.5",
    "commit": "5d8c1a6e759a0593c6a16ce011bc0af7d924ca4a"
  },
  "_source": "git://github.com/Polymer/paper-item.git",
  "_target": "^0.5",
  "_originalSource": "Polymer/paper-item"
}