{
  "name": "paper-slider",
  "private": true,
  "dependencies": {
    "font-roboto": "Polymer/font-roboto#^0.5",
    "paper-input": "Polymer/paper-input#^0.5",
    "paper-progress": "Polymer/paper-progress#^0.5",
    "core-a11y-keys": "Polymer/core-a11y-keys#^0.5"
  },
  "version": "0.5.5",
  "homepage": "https://github.com/Polymer/paper-slider",
  "_release": "0.5.5",
  "_resolution": {
    "type": "version",
    "tag": "0.5.5",
    "commit": "8f176a2a63be34572864542ce91be703c868e1e5"
  },
  "_source": "git://github.com/Polymer/paper-slider.git",
  "_target": "^0.5",
  "_originalSource": "Polymer/paper-slider"
}