{
  "name": "paper-radio-button",
  "private": true,
  "dependencies": {
    "core-a11y-keys": "Polymer/core-a11y-keys#^0.5",
    "paper-ripple": "Polymer/paper-ripple#^0.5"
  },
  "ignore": [
    "externs/**"
  ],
  "version": "0.5.5",
  "homepage": "https://github.com/Polymer/paper-radio-button",
  "_release": "0.5.5",
  "_resolution": {
    "type": "version",
    "tag": "0.5.5",
    "commit": "80ad364d87986a16b1baef4cef5dfa2373a6ad70"
  },
  "_source": "git://github.com/Polymer/paper-radio-button.git",
  "_target": "^0.5",
  "_originalSource": "Polymer/paper-radio-button"
}