{
  "name": "core-selector",
  "private": true,
  "dependencies": {
    "polymer": "Polymer/polymer#^0.5",
    "core-selection": "Polymer/core-selection#^0.5"
  },
  "devDependencies": {
    "web-component-tester": "Polymer/web-component-tester#^1.4.2"
  },
  "version": "0.5.5",
  "homepage": "https://github.com/Polymer/core-selector",
  "_release": "0.5.5",
  "_resolution": {
    "type": "version",
    "tag": "0.5.5",
    "commit": "17683dd379e1ea500f9fbaaf0db5485186994dc8"
  },
  "_source": "git://github.com/Polymer/core-selector.git",
  "_target": "^0.5",
  "_originalSource": "Polymer/core-selector"
}