{
  "name": "sampler-scaffold",
  "private": true,
  "dependencies": {
    "core-drawer-panel": "Polymer/core-drawer-panel#^0.5",
    "core-header-panel": "Polymer/core-header-panel#^0.5",
    "core-icon-button": "Polymer/core-icon-button#^0.5",
    "core-item": "Polymer/core-item#^0.5",
    "core-menu": "Polymer/core-menu#^0.5",
    "core-toolbar": "Polymer/core-toolbar#^0.5"
  },
  "version": "0.5.5",
  "homepage": "https://github.com/Polymer/sampler-scaffold",
  "_release": "0.5.5",
  "_resolution": {
    "type": "version",
    "tag": "0.5.5",
    "commit": "f26a8832d7e8af0f6af03f6c25fc719710c608f5"
  },
  "_source": "git://github.com/Polymer/sampler-scaffold.git",
  "_target": "^0.5",
  "_originalSource": "Polymer/sampler-scaffold"
}