{
  "name": "core-icons",
  "private": true,
  "dependencies": {
    "core-icon": "Polymer/core-icon#^0.5",
    "core-iconset-svg": "Polymer/core-iconset-svg#^0.5",
    "polymer": "Polymer/polymer#^0.5"
  },
  "ignore": [
    "util",
    "update-icons.sh"
  ],
  "version": "0.5.5",
  "homepage": "https://github.com/Polymer/core-icons",
  "_release": "0.5.5",
  "_resolution": {
    "type": "version",
    "tag": "0.5.5",
    "commit": "19ca6c4529dd99e0d6b2e1e37dae5e621c423667"
  },
  "_source": "git://github.com/Polymer/core-icons.git",
  "_target": "^0.5",
  "_originalSource": "Polymer/core-icons"
}