{
  "name": "paper-toggle-button",
  "private": true,
  "dependencies": {
    "font-roboto": "Polymer/font-roboto#^0.5",
    "paper-radio-button": "Polymer/paper-radio-button#^0.5"
  },
  "version": "0.5.5",
  "homepage": "https://github.com/Polymer/paper-toggle-button",
  "_release": "0.5.5",
  "_resolution": {
    "type": "version",
    "tag": "0.5.5",
    "commit": "aa74a78c11b68e5d3e53814f1a969a4ffdf3c745"
  },
  "_source": "git://github.com/Polymer/paper-toggle-button.git",
  "_target": "^0.5",
  "_originalSource": "Polymer/paper-toggle-button"
}