{
  "name": "paper-button",
  "private": true,
  "dependencies": {
    "polymer": "Polymer/polymer#^0.5",
    "core-a11y-keys": "Polymer/core-a11y-keys#^0.5",
    "core-focusable": "Polymer/core-focusable#^0.5",
    "core-icon": "Polymer/core-icon#^0.5",
    "paper-ripple": "Polymer/paper-ripple#^0.5",
    "paper-shadow": "Polymer/paper-shadow#^0.5"
  },
  "devDependencies": {
    "web-component-tester": "Polymer/web-component-tester#^1.1.4"
  },
  "version": "0.5.5",
  "homepage": "https://github.com/Polymer/paper-button",
  "_release": "0.5.5",
  "_resolution": {
    "type": "version",
    "tag": "0.5.5",
    "commit": "8c6cd88068a6aa45761376a33ea4a783c5ef7658"
  },
  "_source": "git://github.com/Polymer/paper-button.git",
  "_target": "^0.5",
  "_originalSource": "Polymer/paper-button"
}